category:TemasGenerales	一般主题
category:PensamientosYSentimientos	思想与情绪
category:Habitos	习惯
category:Epigenetica	表观遗传学
category:Memoria	记忆
category:Dopamina	多巴胺
category:Serotonina	血清素
category:Ansiedad	焦虑
category:Emociones	情绪
category:RitmoCircadiano	昼夜节律
enc_coherencia_cardiocerebral	心脑一致性
enc_hormonas_estres	压力激素
enc_meditacion	冥想
enc_mente_universal	普遍心智／量子场／神圣矩阵
enc_menteconciente_subconciente	意识与潜意识
enc_conciencia	意识
enc_tiempo	时间概念
enc_entrelazamiento_cuantico_neurociencia	从神经科学角度看量子纠缠
enc_enfermedad	疾病
enc_meditacion_y_expresiongenica	冥想与基因表达
enc_patrones_sinapticos_heredados	遗传／预形成的突触模式
enc_patrones_de_conducta_heredados	遗传行为模式
enc_atencion_focalizada	专注注意力
enc_atencion_focalizada_practica	专注注意力练习
enc_aprendizaje_asociativo	联想学习
enc_modificar_asociaciones_no_deseadas	改变不需要的联想
enc_que_es_un_pensamiento	什么是思想？
enc_efecto_sentimie_negativos	负面情绪的影响
enc_sentimiento_como_fuerzacreativa	情感作为创造力
enc_pensamientos_emociones_sistemainmune	思想、情绪与免疫系统
enc_neurociencia_habitos	习惯的神经科学
enc_habitos_y_ahorroenergia_cerebral	习惯与节省大脑能量
enc_romper_un_habito	如何从生理层面打破习惯
enc_cuanto_tarda_habito_debilitarse	习惯减弱需要多长时间？
enc_recaer_no_interrumpe_progreso	为什么复发不会中断习惯的进步？
enc_utilizar_recaida_a_tu_favor	将复发转化为优势
enc_protocolo_antirecaida	防复发方案
enc_señales_consolidacion_habito	习惯巩固的迹象
enc_listado_habitos_saludables	健康习惯清单
enc_epigenetica_varios_autores	多位作者论述的表观遗传学
enc_epigenetica_y_neurociencia	表观遗传学与神经科学
enc_neville_y_epigenetica	内维尔与表观遗传学
enc_joedispensa_y_epigenetica	乔·迪斯潘扎与表观遗传学
enc_que_es_la_memoria	什么是记忆？
enc_memoria_semantica	语义记忆
enc_memoria_episodica	情景记忆
enc_memoria_procedimental	程序性记忆
enc_que_es_la_dopamina	什么是多巴胺？
enc_protocolo_dopaminergico	每日多巴胺能方案
enc_protocolo_anti_adicciones_digitales	数字成瘾预防方案
enc_dopamina_y_procrastinacion	多巴胺与拖延
enc_dopamina_vs_serotonina	多巴胺与血清素对比
enc_que_es_la_serotonina	什么是血清素？
enc_serotonina_y_ansiedad	血清素与焦虑
enc_rutina_diario_potenciar_serotonina	提升血清素的日常作息
enc_que_es_la_ensiedad	什么是焦虑？
enc_protocolo_anti_ansiedad	抗焦虑方案
enc_ansiedad_vs_stress_cronico	焦虑与慢性压力对比
enc_que_es_una_emocion	什么是情绪？
enc_almacenamiento_emociones	情绪储存
enc_componentes_de_una_emocion	情绪的组成部分
enc_control_emociones	情绪调节
enc_interocepcion_y_emocion	内感受与情绪
enc_protocolo_practico_reinterpretar_emociones	情绪重新诠释方案
enc_ritmo_circadiano	昼夜节律
enc_genes_reloj_perifericos	外周时钟基因的激活
enc_protocolo_normalizar_ritmo_circadiano	昼夜节律正常化方案
enc_protocolo_normalizar_ritmo_circadiano_2	昼夜节律正常化方案 → 认知表现优化版
enc_neuroplasticidad	神经可塑性
ayud_como manifestar	如何显化
ayud_efectuar un tratamiento a otro	为他人施行疗愈
ayud_ejercicio para la imaginacion	想象力练习
ayud_El arte de la revisión	修订的艺术
ayud_el poder llamado la ley	被称为“法则”的力量
ayud_evitar la influencia inconsciente	避免潜意识影响
ayud_expresar un cambio en tu mundo	如何在你的世界中显化改变
ayud_la formula de la victoria	胜利的秘诀
ayud_metodo de manifestacion	显化方法
ayud_resumen de la enseñanza de neville	内维尔教义概要
ayud_salir de las limitaciones y problemas	突破局限与困境
ayud_si me resulta dificil creer	当我难以相信时
ayud_arquitectura_del_cambio	改变的架构
ayud_estructura_no_emocion	规划你的目标
