category:TemasGenerales	General Topics
category:PensamientosYSentimientos	Thoughts & Feelings
category:Habitos	Habits
category:Epigenetica	Epigenetics
category:Memoria	Memory
category:Dopamina	Dopamine
category:Serotonina	Serotonin
category:Ansiedad	Anxiety
category:Emociones	Emotions
category:RitmoCircadiano	Circadian Rhythm
enc_coherencia_cardiocerebral	Cardio-Cerebral Coherence
enc_hormonas_estres	Stress Hormones
enc_meditacion	Meditation
enc_mente_universal	The Universal Mind / Quantum Field / Divine Matrix
enc_menteconciente_subconciente	The Conscious and Subconscious Mind
enc_conciencia	Consciousness
enc_tiempo	The Concept of Time
enc_entrelazamiento_cuantico_neurociencia	Quantum Entanglement from a Neuroscience Perspective
enc_enfermedad	Disease
enc_meditacion_y_expresiongenica	Meditation and Gene Expression
enc_patrones_sinapticos_heredados	Inherited/Preformed Synaptic Patterns
enc_patrones_de_conducta_heredados	Inherited Behavioral Patterns
enc_atencion_focalizada	Focused Attention
enc_atencion_focalizada_practica	Focused Attention Exercises
enc_aprendizaje_asociativo	Associative Learning
enc_modificar_asociaciones_no_deseadas	Modifying Unwanted Associations
enc_que_es_un_pensamiento	What Is a Thought?
enc_efecto_sentimie_negativos	Effects of Negative Feelings
enc_sentimiento_como_fuerzacreativa	Feeling as a Creative Force
enc_pensamientos_emociones_sistemainmune	Thoughts, Feelings, and the Immune System
enc_neurociencia_habitos	The Neuroscience of Habits
enc_habitos_y_ahorroenergia_cerebral	Habits and Saving Brain Energy
enc_romper_un_habito	How to Break a Habit Physiologically
enc_cuanto_tarda_habito_debilitarse	How Long Does It Take a Habit to Weaken?
enc_recaer_no_interrumpe_progreso	Why Relapsing Does Not Interrupt Habit Progress
enc_utilizar_recaida_a_tu_favor	Using a Relapse to Your Advantage
enc_protocolo_antirecaida	Relapse Prevention Protocol
enc_señales_consolidacion_habito	Signs of Habit Consolidation
enc_listado_habitos_saludables	List of Healthy Habits
enc_epigenetica_varios_autores	Epigenetics According to Various Authors
enc_epigenetica_y_neurociencia	Epigenetics and Neuroscience
enc_neville_y_epigenetica	Neville and Epigenetics
enc_joedispensa_y_epigenetica	Joe Dispenza and Epigenetics
enc_que_es_la_memoria	What Is Memory?
enc_memoria_semantica	Semantic Memory
enc_memoria_episodica	Episodic Memory
enc_memoria_procedimental	Procedural Memory
enc_que_es_la_dopamina	What Is Dopamine?
enc_protocolo_dopaminergico	Daily Dopaminergic Protocol
enc_protocolo_anti_adicciones_digitales	Digital Addiction Prevention Protocol
enc_dopamina_y_procrastinacion	Dopamine and Procrastination
enc_dopamina_vs_serotonina	Dopamine vs. Serotonin
enc_que_es_la_serotonina	What Is Serotonin?
enc_serotonina_y_ansiedad	Serotonin and Anxiety
enc_rutina_diario_potenciar_serotonina	Daily Serotonin-Boosting Routine
enc_que_es_la_ensiedad	What Is Anxiety?
enc_protocolo_anti_ansiedad	Anti-Anxiety Protocol
enc_ansiedad_vs_stress_cronico	Anxiety vs. Chronic Stress
enc_que_es_una_emocion	What Are Emotions?
enc_almacenamiento_emociones	Emotional Storage
enc_componentes_de_una_emocion	Components of an Emotion
enc_control_emociones	Emotional Regulation
enc_interocepcion_y_emocion	Interoception and Emotion
enc_protocolo_practico_reinterpretar_emociones	Protocol for Reinterpreting an Emotion
enc_ritmo_circadiano	The Circadian Rhythm
enc_genes_reloj_perifericos	Activation of Peripheral Clock Genes
enc_protocolo_normalizar_ritmo_circadiano	Protocol for Normalizing the Circadian Rhythm
enc_protocolo_normalizar_ritmo_circadiano_2	Protocol for Normalizing the Circadian Rhythm → Optimized Variant for Cognitive Performance
enc_neuroplasticidad	Neuroplasticity
ayud_como manifestar	How to Manifest
ayud_efectuar un tratamiento a otro	Performing a Treatment on Another
ayud_ejercicio para la imaginacion	Exercise for the Imagination
ayud_El arte de la revisión	The Art of Revision
ayud_el poder llamado la ley	The Power Called the Law
ayud_evitar la influencia inconsciente	Avoiding Unconscious Influence
ayud_expresar un cambio en tu mundo	How to Express Change in Your World
ayud_la formula de la victoria	The Formula for Victory
ayud_metodo de manifestacion	Manifestation Method
ayud_resumen de la enseñanza de neville	Summary of Neville's Teachings
ayud_salir de las limitaciones y problemas	Breaking Free from Limitations and Problems
ayud_si me resulta dificil creer	If I Find It Difficult to Believe
ayud_arquitectura_del_cambio	The Architecture of Change
ayud_estructura_no_emocion	Structure Your Goals
