Meditar en la mañana organiza tu energía	晨间冥想能帮助你调整能量状态。
Hoy despiertas en un nuevo estado	今天，你在全新的状态中醒来。
Empieza el día desde la versión que eliges ser	以你选择成为的自己开启新的一天。
Tu mañana obedece a la historia que aceptas	你的清晨会回应你所选择相信的故事。
Asume temprano lo que deseas vivir	从清晨起，就进入你想要的生活状态。
Tu atención abre el camino del día	你的专注为这一天开辟道路。
Respira, elige y crea desde adentro	呼吸、选择，从内在开始创造。
Este día responde a tu nueva identidad	这一天会回应你的新身份。
Tu cuerpo escucha la intención con la que comienzas	你的身体会感知你开启一天时的意图。
Entra al día como quien ya lo logró	带着已经实现目标的状态走进今天。
La primera imagen interna dirige tus pasos	清晨浮现的第一个内在画面会指引你的脚步。
Hoy practicas el futuro que quieres habitar	今天，练习进入你想要的未来。
Cada amanecer puede reeducar tu mente	每个清晨都能重新塑造你的心智。
Empieza en calma y el mundo se ordena	从平静开始，世界也会渐渐归位。
Tu percepción de hoy cambia tu biología	你今天的感知正在改变你的身心状态。
El día nace desde el estado que sostienes	这一天从你持续保持的状态中诞生。
Imagina con fe antes de actuar	行动之前，先带着信念去想象。
Tu energía de inicio marca la dirección	你开始时的能量决定今天的方向。
Hoy eliges presencia antes que pasado	今天，你选择活在当下，而不是困于过去。
Declara internamente quién eres ahora	在心中确认：此刻的你是谁。
La mañana es tu primer acto creador	清晨是你今天的第一次创造。
Empieza desde tu mejor versión	以最好的自己开始今天。
Hoy eliges quién ser	今天，由你选择成为谁。
Tu momento es ahora	属于你的时刻，就是现在。
Avanza hoy con intención	今天，带着明确的意图前行。
Recuerda, todo comienza en ti	记住，一切都从你开始。
Hoy dirige tu energía sabiamente	今天，明智地引导你的能量。
Hoy siembras tu futuro	今天，你正在播种自己的未来。
Actúa desde tu visión futura	从你对未来的愿景出发去行动。
Comienza este día con propósito	带着目标开启这一天。
Hoy eliges tu estado interior	今天，由你选择自己的内在状态。
Hoy construyes desde la calma	今天，从平静中开始创造。
Hoy lideras tu experiencia	今天，由你引领自己的体验。
Honra este nuevo comienzo	珍惜这个全新的开始。
Hoy conviertes intención en acción	今天，把意图化为行动。
Vuelve al estado que elegiste al comenzar	回到你今天开始时所选择的状态。
A mitad del día también puedes reiniciar	即使到了半天，你也可以重新开始。
Tu atención puede cambiar el rumbo ahora	此刻，你的专注就能改变方向。
Respira y regresa a tu versión elevada	深呼吸，回到更高版本的自己。
Cada pausa es una puerta a otro estado	每一次停顿，都是通往另一种状态的门。
Sostén la visión mientras actúas	行动时，继续守住你的愿景。
Tu cuerpo aprende de la emoción que repites	你的身体会学习你反复体验的情绪。
Elige coherencia en medio del movimiento	在忙碌之中，选择回到协调一致。
Lo externo no manda sobre tu estado	外在环境无法决定你的内在状态。
Ahora puedes pensar desde el resultado	此刻，你可以从愿望已经实现的状态出发思考。
Tu tarde se transforma con una nueva percepción	新的视角可以改变你的下午。
La intención se fortalece con presencia	活在当下，会让你的意图更加坚定。
Haz una cosa desde tu identidad elegida	从你选择的身份出发，完成一件事。
No negocies con el viejo hábito	不要向旧习惯妥协。
Tu mundo cambia cuando vuelves a ti	当你回到自己，世界也会随之改变。
Siente el resultado antes de perseguirlo	在追寻之前，先感受愿望实现后的状态。
Una emoción elevada reorganiza el día	积极而高昂的情绪能重新调整这一天。
Actúa como quien ya recuerda su poder	像已经记起自身力量的人那样行动。
La tarde aún tiene espacio para crear	这个下午依然留有创造的空间。
Tu siguiente elección también cuenta	你的下一个选择同样重要。
Vuelve al momento presente	回到此时此刻。
Haz una pausa, respira y continúa	停下来，深呼吸，然后继续
Regresa a tu centro	回到自己的中心。
Mantén viva tu intención	让你的意图继续保持鲜活。
Elige calma otra vez	再次选择平静。
Este instante también importa	这一刻同样重要。
Observa antes de reaccionar	回应之前，先观察。
Sigue creando conscientemente	继续有意识地创造。
Tu poder sigue aquí, contigo	你的力量始终在这里，与你同在。
Vuelve a lo esencial	回到真正重要的事。
Permanece presente	保持临在。
Conecta con tu propósito	重新连接你的目标。
Una pausa puede cambiarlo todo	一次停顿，可能改变一切。
Recuerda quién estás siendo	记住，你正在选择成为怎样的人。
Aún puedes elegir	你依然可以选择。
Vuelve a sentir plenitud	重新感受内在的完整与丰盛。
Crea desde este instante	从这一刻开始创造。
Recupera tu enfoque	找回你的专注。
Sigue alineado contigo	继续与真实的自己保持一致。
Cierra el día aceptando tu nuevo estado	带着对新状态的接纳结束这一天。
La noche integra lo que decides creer	夜晚会整合你选择相信的一切。
Antes de dormir, habita el resultado	入睡前，让自己进入愿望已经实现的状态。
Tu imaginación prepara el mañana	你的想象正在为明天铺路。
Suelta el día y conserva la visión	放下今天，保留心中的愿景。
Descansa en la identidad que estás creando	在你正在塑造的新身份中安然休息。
La calma nocturna reeduca el cuerpo	夜晚的平静正在重新训练你的身体。
Tu subconsciente escucha lo que sientes real	你的潜意识会听见你真切感受到的一切。
Duerme como quien ya recibió	带着已经拥有的满足感入睡。
La gratitud sella una nueva percepción	感恩会巩固全新的感知。
Esta noche no repites pasado, eliges futuro	今晚，不再重复过去，而是选择未来。
Permite que tu cuerpo memorice paz	让身体记住平静的感觉。
La quietud también es creación	宁静本身也是一种创造。
Revisa el día desde compasión y poder	带着慈悲与力量回顾今天。
Antes del sueño, vuelve a la imagen cumplida	入睡前，再次回到愿望已实现的画面。
Tu descanso puede fortalecer tu intención	你的休息也能强化内在意图。
Entrega la duda y conserva la certeza	放下怀疑，保留确信。
La noche convierte práctica en integración	夜晚让白天的练习沉淀并融入身心。
Imagina suavemente lo que deseas vivir	轻柔地想象你渴望体验的生活。
Mañana empieza en el estado que duermes hoy	明天始于你今晚入睡时的状态。
Agradece lo vivido hoy	感谢今天所经历的一切。
Integra las lecciones del día	让今天的领悟融入自己。
Descansa en confianza	安心而信任地休息。
Honra tu progreso	珍视自己的每一点进步。
Suelta lo que ya pasó	放下已经过去的事。
Conserva lo aprendido	留下今天学到的东西。
Termina el día en paz	在平静中结束这一天。
Observa con compasión	带着慈悲去观察。
Reconoce tu crecimiento	看见自己的成长。
Deja espacio para la calma	为平静留出空间。
Agradece y descansa	心怀感恩，安心休息。
Permite que todo se asiente	让一切慢慢沉淀。
Encuentra sentido en la experiencia	在经历中发现意义。
Libera el peso del día	卸下这一天的负担。
Abraza lo que descubriste	接纳今天的发现。
Descansa en tu nueva identidad	在全新的身份中安然休息。
Cierra el día conscientemente	有意识地结束这一天。
Todo aprendizaje suma	每一次学习都在积累。
Mañana continúa la creación	明天，创造仍将继续。
Duerme en coherencia	在身心协调的状态中入睡。
Relájate y disfruta tu descanso	放松下来，享受休息。
Cada noche es una oportunidad de crear	每个夜晚都是一次创造的机会。
Recupera e integra las experiencias del día	恢复能量，并整合今天的经历。
Bendice este día	祝福这一天。
Descansa en la certeza de tu poder creativo	带着对自身创造力的确信安然休息。
No dejes pasar este día sin bendecirte	不要让今天过去，却忘了祝福自己
Agradece, todo está en su justo lugar	心怀感恩，一切都在恰当的位置。
